bytes,ns_per_elem
1024,13.9648
2048,11.6699
4096,1.83105
8192,1.78223
16384,2.83203
32768,2.06299
65536,2.00958
131072,2.00653
262144,1.83372
524288,2.18277
1048576,2.40583
2097152,3.19567
4194304,2.25871
8388608,2.51162
16777216,2.3768
33554432,2.0727
67108864,2.10439
134217728,1.98683
268435456,2.29645
