{
  "train_losses": [
    10.384963035583496,
    10.352879524230957,
    10.466684341430664,
    10.361384391784668,
    10.53711223602295,
    10.560523986816406,
    10.351727485656738,
    10.338071823120117,
    10.295961380004883,
    10.394309997558594
  ],
  "eval_losses": [
    10.400128936767578
  ],
  "learning_rates": [
    1.0090000000000002e-05,
    1.018e-05,
    1.0270000000000002e-05,
    1.036e-05,
    1.0450000000000002e-05,
    1.054e-05,
    1.0630000000000002e-05,
    1.072e-05,
    1.0810000000000002e-05,
    1.09e-05
  ],
  "final_step": 10,
  "best_loss": 10.400128936767578
}
